<?xml version="1.0" encoding="UTF-8"?>
<launch4jConfig>
  <dontWrapJar>false</dontWrapJar>
  <headerType>gui</headerType>
  <jar>C:\Users\muhdl\Desktop\Stock Management System\SMS\Stock Management System.jar</jar>
  <outfile>Stock Management System.exe</outfile>
  <errTitle></errTitle>
  <cmdLine></cmdLine>
  <chdir>.</chdir>
  <priority>normal</priority>
  <downloadUrl>http://java.com/download</downloadUrl>
  <supportUrl></supportUrl>
  <stayAlive>false</stayAlive>
  <restartOnCrash>false</restartOnCrash>
  <manifest></manifest>
  <icon></icon>
  <jre>
    <path></path>
    <bundledJre64Bit>false</bundledJre64Bit>
    <bundledJreAsFallback>false</bundledJreAsFallback>
    <minVersion>1.4.0</minVersion>
    <maxVersion>1.8.0</maxVersion>
    <jdkPreference>preferJre</jdkPreference>
    <runtimeBits>64/32</runtimeBits>
  </jre>
  <versionInfo>
    <fileVersion>1.0.0.0</fileVersion>
    <txtFileVersion>Ultra Instinct</txtFileVersion>
    <fileDescription>Stock Management System</fileDescription>
    <copyright>Ultra Instinct</copyright>
    <productVersion>1.0.0.0</productVersion>
    <txtProductVersion>Ultra Instinct</txtProductVersion>
    <productName>Stock Management System</productName>
    <companyName>Ultra Instinct</companyName>
    <internalName>Ultra Instinct</internalName>
    <originalFilename>Stock Management System.exe</originalFilename>
    <trademarks></trademarks>
    <language>ENGLISH_US</language>
  </versionInfo>
</launch4jConfig>